model,Wasserstein Distance,Energy Distance,Maximum Mean Discrepancy,Cramer-von Mises Distance,Kullback-Leibler Divergence
n0.5_no_smoothing,10.005408158302307,568.2955947399139,842.8035683202744,27.384777071475984,506.14715052604674
n0.5_smoothing,9.100808000564575,480.86912927865984,717.4111080241204,22.70147099494934,431.3473467564583
n0.25_no_smoothing,9.128273138999939,477.95815382003786,705.3802956390381,23.943157029151916,424.9193852353096
nlinear_no_smoothing,10.14146457778083,557.4555223662444,821.0685448646545,28.44998291285351,496.852486918671
nlinear_smoothing,10.127265183925628,569.131437716484,836.0533854484559,26.478928651809692,505.6375873017311
n0_no_smoothing,11.153807590007782,478.79401611328126,709.9583230423927,29.793220105171205,428.0713588261604
n0.75_smoothing,9.119369585514068,482.9629595589638,725.2424571299553,22.457321462631224,433.79568223237993
n0.25_smoothing,10.12030017375946,568.8212488460541,840.9646161341667,26.091535253524782,521.4949926924705
